{
  "final_train_loss": 0.013483379781246186,
  "best_val_loss": 1.7176637649536133,
  "total_steps": 60,
  "train_losses": [
    1.7264244079589843,
    0.390267539024353,
    0.14993445873260497,
    0.06986824274063111,
    0.03192553818225861,
    0.013483379781246186
  ],
  "eval_losses": [
    1.8787952661514282,
    1.7220118045806885,
    1.7176637649536133
  ],
  "hyperparameters": {
    "base_model": "/kaggle/input/models/google/gemma-4/transformers/gemma-4-e4b-it/1",
    "max_seq_len": 2048,
    "lora_r": 16,
    "lora_alpha": 32,
    "lora_dropout": 0.05,
    "target_modules": [
      "q_proj",
      "k_proj",
      "v_proj",
      "o_proj",
      "gate_proj",
      "up_proj",
      "down_proj"
    ],
    "use_rslora": true,
    "epochs": 3,
    "lr": 0.0002,
    "lr_scheduler": "cosine",
    "warmup_ratio": 0.05,
    "per_device_batch": 2,
    "grad_accum": 4,
    "weight_decay": 0.01,
    "optimizer": "adamw_8bit"
  },
  "training_stats": {
    "runtime_seconds": 1044.5776,
    "samples_per_second": 0.477,
    "total_train_samples": 166,
    "total_val_samples": 21
  }
}