{
  "final_train_loss": 0.013445188105106354,
  "best_val_loss": 1.759186029434204,
  "total_steps": 60,
  "train_losses": [
    1.7289840698242187,
    0.39512851238250735,
    0.15352869033813477,
    0.07131851315498353,
    0.032300344109535216,
    0.013445188105106354
  ],
  "eval_losses": [
    1.9062767028808594,
    1.759186029434204,
    1.761502981185913
  ],
  "hyperparameters": {
    "base_model": "/kaggle/input/models/google/gemma-4/transformers/gemma-4-e4b-it/1",
    "max_seq_len": 2048,
    "lora_r": 16,
    "lora_alpha": 32,
    "lora_dropout": 0.05,
    "target_modules": [
      "q_proj",
      "k_proj",
      "v_proj",
      "o_proj",
      "gate_proj",
      "up_proj",
      "down_proj"
    ],
    "use_rslora": true,
    "epochs": 3,
    "lr": 0.0002,
    "lr_scheduler": "cosine",
    "warmup_ratio": 0.05,
    "per_device_batch": 2,
    "grad_accum": 4,
    "weight_decay": 0.01,
    "optimizer": "adamw_8bit"
  },
  "training_stats": {
    "runtime_seconds": 1311.1735,
    "samples_per_second": 0.38,
    "total_train_samples": 166,
    "total_val_samples": 21
  }
}